Description,Unit,Price
"5""x5"" Co-Ex Corner Post, White",EA,
"5""x5"" Co-Ex End Post, White",EA,
"5""x5"" Co-Ex Utility Post White 8.5' - End (Flori)",EA,
5x5x102 HFS End Post White 1.75 6' Privacy,EA,
6' HFS 1.75 Rail White Privacy Walk Gate Kit,EA,
"Regular PVC Gate 6'H x 5'W, White",EA,
Regular White PVC Gate 6'H x 5'W (Flori),EA,
"5""x5"" Co-Ex Gate Post, White",EA,
"5""x5"" Co-Ex Utility Post White 8.5' - Blank (Flori)",EA,
5x5x102 HFS Blank Post White 6' Privacy,EA,
"5""x5"" Co-Ex Line Post, Gray",EA,
"5""x5"" Co-Ex Line Post, Tan",EA,
"5""x5"" Co-Ex Line Post, White",EA,
"5""x5"" Co-Ex Utility Post White 8.5' (Flori)",EA,
5x5x102 HFS Line Post White 1.75 6' Privacy,EA,
6x6 HFS Pro Series Privacy Panel White,EA,
Panel T&G Vinyl Privacy 6'H x 6'W - Gray,EA,
Panel T&G Vinyl Privacy 6'H x 6'W - Tan,EA,
Panel T&G Vinyl Privacy 6'H x 8'W - Tan,EA,
Panel T&G Vinyl Privacy 6'H x 8'W - White,EA,
Panel T&G White PVC 6'H x 6'W (Flori),EA,
5x5x72 HFS End Post White 4' Closed Top,EA,
Clearwater 4'H x 5'W Closed Top Gate White,EA,
Gate Melrose Flat Top 4'H x 5'W White (Flori),EA,
5x5x72 HFS Blank Post White 4' Closed Top,EA,
"5""x5"" Utility Post White 6' (Flori, 4ft run)",EA,
5x5x72 HFS Line Post White 4' Closed Top,EA,
4x6 HFS Clearwater Closed Top Picket Panel White,EA,
Panel Melrose Flat Top 2-Rail 4'H x 6'W White (Flori),EA,
"Corner Post, 5x5x72, White, 4' Closed Top  [NOT IN MY CATALOG - please give your part name]",EA,
Gate Support Brace White 8' (Flori),EA,
V-Brace White Bevelled Gate Brace 8' (HFS),EA,
"7"" SS Gate Handle (box of 50)",BOX,
"7"" SS Gate Handle White, 50 per box (Flori)",EA,
"HFS Nylon Gate Handle, 200 per box",EA,
"HFS SS Self-Closing Hinge Black, 18 per box",EA,
"Self-Closing Hinge Set (box, 12 pairs)",BOX,
"SS Self-Closing Hinge, 12 pairs per box (Flori)",EA,
"HFS SS Post Latch Black, 24 per box",EA,
"SS Two-Way Latch White, 20 per box (Flori)",EA,
Two-Way Latch (box of 20),BOX,
"5"" External Pyramid PVC Post Cap White (Flori)",EA,
HFS 5x5 Pyramid Post Cap White (100/box),EA,
"5"" Econo Stiffener x 8'H (Flori)",EA,
"5""x5""x96"" Econo Stiffener H-Frame (HFS)",EA,
"7/8 x 1-1/2 x 62 1/4 Trim U-Channel, White",EA,
7/8 x 1-1/2 x 62-1/4 Trim U-Channel White (Flori),EA,
"HFS 59"" U-Channel White",EA,
